<beans xmlns="http://www.springframework.org/schema/beans" 
xmlns:xsi="http://www.w3.org/2001/XMLSchema-instance"
 xsi:schemaLocation="http://www.springframework.org/schema/beans 
 http://www.springframework.org/schema/beans/spring-beans.xsd">

 
<bean id="Phone" class="com.phone.Phone">
<property name="phonum" value="123232312"></property>
<property name="phonemodel" value="iphone"></property>
</bean>
  
<bean id="Person" class="com.person.Person">
 <property name="name" value="shefali"></property>
 <property name="id" value="1"></property>
 <property name="phone" ref="Phone"></property>
 </bean>
 
 </beans>