<beans xmlns="http://www.springframework.org/schema/beans" 
xmlns:xsi="http://www.w3.org/2001/XMLSchema-instance"
 xsi:schemaLocation="http://www.springframework.org/schema/beans 
 http://www.springframework.org/schema/beans/spring-beans.xsd">


<bean id="student" class="com.student.Student">
<constructor-arg name="id" value="1"></constructor-arg>
<constructor-arg name="name" value="shefali"></constructor-arg>
<constructor-arg name="pass" value="1234"></constructor-arg>

</bean>
 

 </beans>